{"minzoom":0,"maxzoom":9,"center":[20.039063,40.713423,9.0],"bounds":[19.248403,39.588904,21.123449,42.666225]}