{"minzoom":0,"maxzoom":8,"center":[20.390625,40.444817,8.0],"bounds":[19.248403,39.588904,21.123449,42.666225]}