{"minzoom":0,"maxzoom":10,"center":[19.863281,40.846927,10.0],"bounds":[19.248403,39.588904,21.123449,42.666225]}